<?xml version="1.0" encoding="UTF-8"?>
<export version="D">
  <design>
    <source>C:\Users\the liro group\Documents\Barb\Arduino projects\WB2CBA_DIGI_TRX\ADX_TRX TEST BOARD V1.00\ADX.sch</source>
    <date>2/14/2022 11:31:13 AM</date>
    <tool>Eeschema (5.1.9)-1</tool>
    <sheet number="1" name="/" tstamps="/">
      <title_block>
        <title>ADX - Arduino based DIGITAL MODES HF Transceiver</title>
        <company>WB2CBA</company>
        <rev>V1.0</rev>
        <date/>
        <source>ADX.sch</source>
        <comment number="1" value=""/>
        <comment number="2" value=""/>
        <comment number="3" value=""/>
        <comment number="4" value=""/>
      </title_block>
    </sheet>
  </design>
  <components>
    <comp ref="J1">
      <value>SMA</value>
      <footprint>SMA_EDGE:SMA_Samtec_SMA-J-P-X-ST-EM1_EdgeMount</footprint>
      <datasheet> ~</datasheet>
      <libsource lib="Connector" part="Conn_Coaxial" description="coaxial connector (BNC, SMA, SMB, SMC, Cinch/RCA, ...)"/>
      <sheetpath names="/" tstamps="/"/>
      <tstamp>5E63C8C5</tstamp>
    </comp>
    <comp ref="U2">
      <value>SI535X_Module</value>
      <footprint>VFO_Vertical_footprint:SI5351 Module_Vertical</footprint>
      <libsource lib="ADX-rescue" part="SI535X_Module-VFO-ESP-WSPR-PCB-TTL-PA_FINAL-rescue-DIGI_UNO_TX-rescue-DTX-rescue" description=""/>
      <sheetpath names="/" tstamps="/"/>
      <tstamp>5E636D32</tstamp>
    </comp>
    <comp ref="U3">
      <value>74ACT244</value>
      <footprint>Package_DIP:DIP-20_W7.62mm_LongPads</footprint>
      <datasheet>http://www.ti.com/lit/gpn/sn74LS244</datasheet>
      <libsource lib="74xx" part="74LS244" description="Octal Buffer and Line Driver With 3-State Output, active-low enables, non-inverting outputs"/>
      <sheetpath names="/" tstamps="/"/>
      <tstamp>5E6D2967</tstamp>
    </comp>
    <comp ref="C8">
      <value>100nF</value>
      <footprint>Capacitor_THT:C_Disc_D3.0mm_W1.6mm_P2.50mm</footprint>
      <datasheet>~</datasheet>
      <libsource lib="pspice" part="CAP" description="Capacitor symbol for simulation only"/>
      <sheetpath names="/" tstamps="/"/>
      <tstamp>5E71ADC9</tstamp>
    </comp>
    <comp ref="TP4">
      <value>TestPoint</value>
      <footprint>TestPoint:TestPoint_THTPad_2.0x2.0mm_Drill1.0mm</footprint>
      <datasheet>~</datasheet>
      <libsource lib="Connector" part="TestPoint" description="test point"/>
      <sheetpath names="/" tstamps="/"/>
      <tstamp>5EF2AED5</tstamp>
    </comp>
    <comp ref="TP3">
      <value>TestPoint</value>
      <footprint>TestPoint:TestPoint_THTPad_2.0x2.0mm_Drill1.0mm</footprint>
      <datasheet>~</datasheet>
      <libsource lib="Connector" part="TestPoint" description="test point"/>
      <sheetpath names="/" tstamps="/"/>
      <tstamp>5EF2B443</tstamp>
    </comp>
    <comp ref="Q1">
      <value>BS170</value>
      <footprint>Package_TO_SOT_THT:TO-92_HandSolder</footprint>
      <datasheet>https://www.onsemi.com/pub/Collateral/BS170-D.PDF</datasheet>
      <fields>
        <field name="Category">Discrete Semiconductor Products</field>
        <field name="DK_Datasheet_Link">https://www.onsemi.com/pub/Collateral/BS170-D.PDF</field>
        <field name="DK_Detail_Page">/product-detail/en/on-semiconductor/BS170/BS170-ND/244280</field>
        <field name="Description">MOSFET N-CH 60V 500MA TO-92</field>
        <field name="Digi-Key_PN">BS170-ND</field>
        <field name="Family">Transistors - FETs, MOSFETs - Single</field>
        <field name="MPN">BS170</field>
        <field name="Manufacturer">ON Semiconductor</field>
        <field name="Status">Active</field>
      </fields>
      <libsource lib="dk_Transistors-FETs-MOSFETs-Single" part="BS170" description="MOSFET N-CH 60V 500MA TO-92"/>
      <sheetpath names="/" tstamps="/"/>
      <tstamp>61D9C710</tstamp>
    </comp>
    <comp ref="Q2">
      <value>BS170</value>
      <footprint>Package_TO_SOT_THT:TO-92_HandSolder</footprint>
      <datasheet>https://www.onsemi.com/pub/Collateral/BS170-D.PDF</datasheet>
      <fields>
        <field name="Category">Discrete Semiconductor Products</field>
        <field name="DK_Datasheet_Link">https://www.onsemi.com/pub/Collateral/BS170-D.PDF</field>
        <field name="DK_Detail_Page">/product-detail/en/on-semiconductor/BS170/BS170-ND/244280</field>
        <field name="Description">MOSFET N-CH 60V 500MA TO-92</field>
        <field name="Digi-Key_PN">BS170-ND</field>
        <field name="Family">Transistors - FETs, MOSFETs - Single</field>
        <field name="MPN">BS170</field>
        <field name="Manufacturer">ON Semiconductor</field>
        <field name="Status">Active</field>
      </fields>
      <libsource lib="dk_Transistors-FETs-MOSFETs-Single" part="BS170" description="MOSFET N-CH 60V 500MA TO-92"/>
      <sheetpath names="/" tstamps="/"/>
      <tstamp>61D9F64D</tstamp>
    </comp>
    <comp ref="Q3">
      <value>BS170</value>
      <footprint>Package_TO_SOT_THT:TO-92_HandSolder</footprint>
      <datasheet>https://www.onsemi.com/pub/Collateral/BS170-D.PDF</datasheet>
      <fields>
        <field name="Category">Discrete Semiconductor Products</field>
        <field name="DK_Datasheet_Link">https://www.onsemi.com/pub/Collateral/BS170-D.PDF</field>
        <field name="DK_Detail_Page">/product-detail/en/on-semiconductor/BS170/BS170-ND/244280</field>
        <field name="Description">MOSFET N-CH 60V 500MA TO-92</field>
        <field name="Digi-Key_PN">BS170-ND</field>
        <field name="Family">Transistors - FETs, MOSFETs - Single</field>
        <field name="MPN">BS170</field>
        <field name="Manufacturer">ON Semiconductor</field>
        <field name="Status">Active</field>
      </fields>
      <libsource lib="dk_Transistors-FETs-MOSFETs-Single" part="BS170" description="MOSFET N-CH 60V 500MA TO-92"/>
      <sheetpath names="/" tstamps="/"/>
      <tstamp>61DA0B82</tstamp>
    </comp>
    <comp ref="U4">
      <value>uSDX_LPF_BAND_MODULE</value>
      <footprint>uSDX_LPF_BAND_MODULE:uSDX_LPF_Band_Module</footprint>
      <libsource lib="ADX-rescue" part="uSDX_LPF_BAND_MODULE-uSDX_LPF_BAND_Module-DIGI_UNO_TX-rescue-DTX-rescue" description=""/>
      <sheetpath names="/" tstamps="/"/>
      <tstamp>61D779A9</tstamp>
    </comp>
    <comp ref="D2">
      <value>1N4148</value>
      <footprint>Diode_THT:D_A-405_P2.54mm_Vertical_AnodeUp</footprint>
      <datasheet>~</datasheet>
      <libsource lib="Device" part="D" description="Diode"/>
      <sheetpath names="/" tstamps="/"/>
      <tstamp>61D8B490</tstamp>
    </comp>
    <comp ref="R10">
      <value>2.7k</value>
      <footprint>Resistor_THT:R_Axial_DIN0204_L3.6mm_D1.6mm_P1.90mm_Vertical</footprint>
      <datasheet>~</datasheet>
      <libsource lib="Device" part="R" description="Resistor"/>
      <sheetpath names="/" tstamps="/"/>
      <tstamp>61D8A8B9</tstamp>
    </comp>
    <comp ref="C9">
      <value>100nF</value>
      <footprint>Capacitor_THT:C_Disc_D3.0mm_W1.6mm_P2.50mm</footprint>
      <datasheet>~</datasheet>
      <libsource lib="pspice" part="CAP" description="Capacitor symbol for simulation only"/>
      <sheetpath names="/" tstamps="/"/>
      <tstamp>5E62B7B4</tstamp>
    </comp>
    <comp ref="TP1">
      <value>CLK0</value>
      <footprint>TestPoint:TestPoint_THTPad_2.0x2.0mm_Drill1.0mm</footprint>
      <datasheet>~</datasheet>
      <libsource lib="Connector" part="TestPoint" description="test point"/>
      <sheetpath names="/" tstamps="/"/>
      <tstamp>61E0D127</tstamp>
    </comp>
    <comp ref="TP2">
      <value>CLK1</value>
      <footprint>TestPoint:TestPoint_THTPad_2.0x2.0mm_Drill1.0mm</footprint>
      <datasheet>~</datasheet>
      <libsource lib="Connector" part="TestPoint" description="test point"/>
      <sheetpath names="/" tstamps="/"/>
      <tstamp>61E0D731</tstamp>
    </comp>
    <comp ref="D1">
      <value>TX</value>
      <footprint>LED_THT:LED_D3.0mm</footprint>
      <datasheet>~</datasheet>
      <libsource lib="Device" part="LED" description="Light emitting diode"/>
      <sheetpath names="/" tstamps="/"/>
      <tstamp>61E13171</tstamp>
    </comp>
    <comp ref="R9">
      <value>1k</value>
      <footprint>Resistor_THT:R_Axial_DIN0204_L3.6mm_D1.6mm_P1.90mm_Vertical</footprint>
      <datasheet>~</datasheet>
      <libsource lib="Device" part="R" description="Resistor"/>
      <sheetpath names="/" tstamps="/"/>
      <tstamp>61E14A04</tstamp>
    </comp>
    <comp ref="C5">
      <value>100nF</value>
      <footprint>Capacitor_THT:C_Disc_D3.0mm_W1.6mm_P2.50mm</footprint>
      <datasheet>~</datasheet>
      <libsource lib="pspice" part="CAP" description="Capacitor symbol for simulation only"/>
      <sheetpath names="/" tstamps="/"/>
      <tstamp>61E1FAF4</tstamp>
    </comp>
    <comp ref="R1">
      <value>1M</value>
      <footprint>Resistor_THT:R_Axial_DIN0204_L3.6mm_D1.6mm_P1.90mm_Vertical</footprint>
      <datasheet>~</datasheet>
      <libsource lib="Device" part="R" description="Resistor"/>
      <sheetpath names="/" tstamps="/"/>
      <tstamp>61E22CF8</tstamp>
    </comp>
    <comp ref="R2">
      <value>4.7k</value>
      <footprint>Resistor_THT:R_Axial_DIN0204_L3.6mm_D1.6mm_P1.90mm_Vertical</footprint>
      <datasheet>~</datasheet>
      <libsource lib="Device" part="R" description="Resistor"/>
      <sheetpath names="/" tstamps="/"/>
      <tstamp>61E233D9</tstamp>
    </comp>
    <comp ref="R3">
      <value>10k</value>
      <footprint>Resistor_THT:R_Axial_DIN0204_L3.6mm_D1.6mm_P1.90mm_Vertical</footprint>
      <datasheet>~</datasheet>
      <libsource lib="Device" part="R" description="Resistor"/>
      <sheetpath names="/" tstamps="/"/>
      <tstamp>61E8FB18</tstamp>
    </comp>
    <comp ref="R4">
      <value>10k</value>
      <footprint>Resistor_THT:R_Axial_DIN0204_L3.6mm_D1.6mm_P1.90mm_Vertical</footprint>
      <datasheet>~</datasheet>
      <libsource lib="Device" part="R" description="Resistor"/>
      <sheetpath names="/" tstamps="/"/>
      <tstamp>61E8FB1E</tstamp>
    </comp>
    <comp ref="C6">
      <value>10nF</value>
      <footprint>Capacitor_THT:C_Disc_D3.0mm_W1.6mm_P2.50mm</footprint>
      <datasheet>~</datasheet>
      <libsource lib="pspice" part="CAP" description="Capacitor symbol for simulation only"/>
      <sheetpath names="/" tstamps="/"/>
      <tstamp>61E9B09C</tstamp>
    </comp>
    <comp ref="C7">
      <value>10nF</value>
      <footprint>Capacitor_THT:C_Disc_D3.0mm_W1.6mm_P2.50mm</footprint>
      <datasheet>~</datasheet>
      <libsource lib="pspice" part="CAP" description="Capacitor symbol for simulation only"/>
      <sheetpath names="/" tstamps="/"/>
      <tstamp>61E9EE63</tstamp>
    </comp>
    <comp ref="XA1">
      <value>Arduino_Nano_Socket</value>
      <footprint>Arduino:Arduino_Nano_Socket</footprint>
      <datasheet>https://store.arduino.cc/arduino-nano</datasheet>
      <libsource lib="arduino" part="Arduino_Nano_Socket" description="Socket for Arduino Nano"/>
      <sheetpath names="/" tstamps="/"/>
      <tstamp>61F84584</tstamp>
    </comp>
    <comp ref="SW1">
      <value>UP</value>
      <footprint>Button_Switch_THT:SW_PUSH_6mm</footprint>
      <datasheet>~</datasheet>
      <libsource lib="Switch" part="SW_Push" description="Push button switch, generic, two pins"/>
      <sheetpath names="/" tstamps="/"/>
      <tstamp>61FBE3C1</tstamp>
    </comp>
    <comp ref="SW2">
      <value>BAND</value>
      <footprint>Button_Switch_THT:SW_PUSH_6mm</footprint>
      <datasheet>~</datasheet>
      <libsource lib="Switch" part="SW_Push" description="Push button switch, generic, two pins"/>
      <sheetpath names="/" tstamps="/"/>
      <tstamp>61FBE3CE</tstamp>
    </comp>
    <comp ref="R5">
      <value>10k</value>
      <footprint>Resistor_THT:R_Axial_DIN0204_L3.6mm_D1.6mm_P1.90mm_Vertical</footprint>
      <datasheet>~</datasheet>
      <libsource lib="Device" part="R" description="Resistor"/>
      <sheetpath names="/" tstamps="/"/>
      <tstamp>61FBBF44</tstamp>
    </comp>
    <comp ref="R6">
      <value>10k</value>
      <footprint>Resistor_THT:R_Axial_DIN0204_L3.6mm_D1.6mm_P1.90mm_Vertical</footprint>
      <datasheet>~</datasheet>
      <libsource lib="Device" part="R" description="Resistor"/>
      <sheetpath names="/" tstamps="/"/>
      <tstamp>61FBD086</tstamp>
    </comp>
    <comp ref="U5">
      <value>CD2003GB_GP</value>
      <footprint>Package_DIP:DIP-16_W7.62mm_Socket_LongPads</footprint>
      <libsource lib="CD2003 Library" part="CD2003GB_GP" description=""/>
      <sheetpath names="/" tstamps="/"/>
      <tstamp>61F8A2F8</tstamp>
    </comp>
    <comp ref="C1">
      <value>100uF/16V</value>
      <footprint>Capacitor_THT:CP_Radial_D5.0mm_P2.50mm</footprint>
      <datasheet>~</datasheet>
      <libsource lib="Device" part="CP" description="Polarized capacitor"/>
      <sheetpath names="/" tstamps="/"/>
      <tstamp>61FAA604</tstamp>
    </comp>
    <comp ref="C2">
      <value>100nF</value>
      <footprint>Capacitor_THT:C_Disc_D3.0mm_W1.6mm_P2.50mm</footprint>
      <datasheet>~</datasheet>
      <libsource lib="pspice" part="CAP" description="Capacitor symbol for simulation only"/>
      <sheetpath names="/" tstamps="/"/>
      <tstamp>61FAB481</tstamp>
    </comp>
    <comp ref="L1">
      <value>100uH</value>
      <footprint>Inductor_THT:L_Radial_D6.0mm_P4.00mm</footprint>
      <datasheet>~</datasheet>
      <libsource lib="Device" part="L_Core_Ferrite" description="Inductor with ferrite core"/>
      <sheetpath names="/" tstamps="/"/>
      <tstamp>61FAC6E1</tstamp>
    </comp>
    <comp ref="C4">
      <value>10uF/16V</value>
      <footprint>Capacitor_THT:CP_Radial_D5.0mm_P2.50mm</footprint>
      <datasheet>~</datasheet>
      <libsource lib="Device" part="CP" description="Polarized capacitor"/>
      <sheetpath names="/" tstamps="/"/>
      <tstamp>61FB2E15</tstamp>
    </comp>
    <comp ref="C3">
      <value>100nF</value>
      <footprint>Capacitor_THT:C_Disc_D3.0mm_W1.6mm_P2.50mm</footprint>
      <datasheet>~</datasheet>
      <libsource lib="pspice" part="CAP" description="Capacitor symbol for simulation only"/>
      <sheetpath names="/" tstamps="/"/>
      <tstamp>61FB2E1B</tstamp>
    </comp>
    <comp ref="J3">
      <value>USB_B</value>
      <footprint>Connector_USB:USB_B_OST_USB-B1HSxx_Horizontal</footprint>
      <datasheet> ~</datasheet>
      <libsource lib="ADX-rescue" part="USB_B-Connector" description=""/>
      <sheetpath names="/" tstamps="/"/>
      <tstamp>6202A366</tstamp>
    </comp>
    <comp ref="U1">
      <value>CM108AH_Sound_Card</value>
      <footprint>VOX:USB_SCARD</footprint>
      <libsource lib="VOX" part="CM108AH_Sound_Card" description=""/>
      <sheetpath names="/" tstamps="/"/>
      <tstamp>6202AF85</tstamp>
    </comp>
    <comp ref="J2">
      <value>PJ-102A</value>
      <footprint>digikey-footprints:Barrel_Jack_5.5mmODx2.1mmID_PJ-102A</footprint>
      <datasheet>https://www.cui.com/product/resource/digikeypdf/pj-102a.pdf</datasheet>
      <fields>
        <field name="Category">Connectors, Interconnects</field>
        <field name="DK_Datasheet_Link">https://www.cui.com/product/resource/digikeypdf/pj-102a.pdf</field>
        <field name="DK_Detail_Page">/product-detail/en/cui-inc/PJ-102A/CP-102A-ND/275425</field>
        <field name="Description">CONN PWR JACK 2X5.5MM SOLDER</field>
        <field name="Digi-Key_PN">CP-102A-ND</field>
        <field name="Family">Barrel - Power Connectors</field>
        <field name="MPN">PJ-102A</field>
        <field name="Manufacturer">CUI Inc.</field>
        <field name="Status">Active</field>
      </fields>
      <libsource lib="dk_Barrel-Power-Connectors" part="PJ-102A" description="CONN PWR JACK 2X5.5MM SOLDER"/>
      <sheetpath names="/" tstamps="/"/>
      <tstamp>61F9E001</tstamp>
    </comp>
    <comp ref="TP8">
      <value>CAL</value>
      <footprint>TestPoint:TestPoint_THTPad_2.0x2.0mm_Drill1.0mm</footprint>
      <datasheet>~</datasheet>
      <libsource lib="Connector" part="TestPoint" description="test point"/>
      <sheetpath names="/" tstamps="/"/>
      <tstamp>61FE81A4</tstamp>
    </comp>
    <comp ref="TP7">
      <value>GND</value>
      <footprint>TestPoint:TestPoint_THTPad_2.0x2.0mm_Drill1.0mm</footprint>
      <datasheet>~</datasheet>
      <libsource lib="Connector" part="TestPoint" description="test point"/>
      <sheetpath names="/" tstamps="/"/>
      <tstamp>61FFA705</tstamp>
    </comp>
    <comp ref="C10">
      <value>100nF</value>
      <footprint>Capacitor_THT:C_Disc_D3.0mm_W1.6mm_P2.50mm</footprint>
      <datasheet>~</datasheet>
      <libsource lib="pspice" part="CAP" description="Capacitor symbol for simulation only"/>
      <sheetpath names="/" tstamps="/"/>
      <tstamp>6200E207</tstamp>
    </comp>
    <comp ref="RV1">
      <value>10k</value>
      <footprint>Potentiometer_THT:Potentiometer_Piher_PT-10-V10_Vertical</footprint>
      <datasheet>~</datasheet>
      <libsource lib="Device" part="R_POT" description="Potentiometer"/>
      <sheetpath names="/" tstamps="/"/>
      <tstamp>62016C50</tstamp>
    </comp>
    <comp ref="C11">
      <value>100nF</value>
      <footprint>Capacitor_THT:C_Disc_D3.0mm_W1.6mm_P2.50mm</footprint>
      <datasheet>~</datasheet>
      <libsource lib="pspice" part="CAP" description="Capacitor symbol for simulation only"/>
      <sheetpath names="/" tstamps="/"/>
      <tstamp>62021BEB</tstamp>
    </comp>
    <comp ref="C12">
      <value>470nF</value>
      <footprint>Capacitor_THT:C_Disc_D3.0mm_W1.6mm_P2.50mm</footprint>
      <datasheet>~</datasheet>
      <libsource lib="pspice" part="CAP" description="Capacitor symbol for simulation only"/>
      <sheetpath names="/" tstamps="/"/>
      <tstamp>6203DC98</tstamp>
    </comp>
    <comp ref="C16">
      <value>100nF</value>
      <footprint>Capacitor_THT:C_Disc_D3.0mm_W1.6mm_P2.50mm</footprint>
      <datasheet>~</datasheet>
      <libsource lib="pspice" part="CAP" description="Capacitor symbol for simulation only"/>
      <sheetpath names="/" tstamps="/"/>
      <tstamp>620D962C</tstamp>
    </comp>
    <comp ref="R11">
      <value>100</value>
      <footprint>Resistor_THT:R_Axial_DIN0204_L3.6mm_D1.6mm_P1.90mm_Vertical</footprint>
      <datasheet>~</datasheet>
      <libsource lib="Device" part="R" description="Resistor"/>
      <sheetpath names="/" tstamps="/"/>
      <tstamp>6215321F</tstamp>
    </comp>
    <comp ref="C15">
      <value>100nF</value>
      <footprint>Capacitor_THT:C_Disc_D3.0mm_W1.6mm_P2.50mm</footprint>
      <datasheet>~</datasheet>
      <libsource lib="pspice" part="CAP" description="Capacitor symbol for simulation only"/>
      <sheetpath names="/" tstamps="/"/>
      <tstamp>62153225</tstamp>
    </comp>
    <comp ref="C17">
      <value>100nF</value>
      <footprint>Capacitor_THT:C_Disc_D3.0mm_W1.6mm_P2.50mm</footprint>
      <datasheet>~</datasheet>
      <libsource lib="pspice" part="CAP" description="Capacitor symbol for simulation only"/>
      <sheetpath names="/" tstamps="/"/>
      <tstamp>621A3838</tstamp>
    </comp>
    <comp ref="D5">
      <value>1N4148</value>
      <footprint>Diode_THT:D_A-405_P2.54mm_Vertical_KathodeUp</footprint>
      <datasheet>~</datasheet>
      <libsource lib="Device" part="D" description="Diode"/>
      <sheetpath names="/" tstamps="/"/>
      <tstamp>621BAAC4</tstamp>
    </comp>
    <comp ref="D4">
      <value>1N4148</value>
      <footprint>Diode_THT:D_A-405_P2.54mm_Vertical_KathodeUp</footprint>
      <datasheet>~</datasheet>
      <libsource lib="Device" part="D" description="Diode"/>
      <sheetpath names="/" tstamps="/"/>
      <tstamp>621BBC55</tstamp>
    </comp>
    <comp ref="C14">
      <value>Cx</value>
      <footprint>Capacitor_THT:C_Disc_D3.0mm_W1.6mm_P2.50mm</footprint>
      <datasheet>~</datasheet>
      <libsource lib="pspice" part="CAP" description="Capacitor symbol for simulation only"/>
      <sheetpath names="/" tstamps="/"/>
      <tstamp>621BDE91</tstamp>
    </comp>
    <comp ref="C13">
      <value>620pF</value>
      <footprint>Capacitor_THT:C_Disc_D3.0mm_W1.6mm_P2.50mm</footprint>
      <datasheet>~</datasheet>
      <libsource lib="pspice" part="CAP" description="Capacitor symbol for simulation only"/>
      <sheetpath names="/" tstamps="/"/>
      <tstamp>621C99AB</tstamp>
    </comp>
    <comp ref="L3">
      <value>1uH</value>
      <footprint>Inductor_THT:L_Toroid_Vertical_L10.0mm_W5.0mm_P5.08mm</footprint>
      <datasheet>~</datasheet>
      <libsource lib="Device" part="L_Core_Ferrite" description="Inductor with ferrite core"/>
      <sheetpath names="/" tstamps="/"/>
      <tstamp>62237624</tstamp>
    </comp>
    <comp ref="C18">
      <value>100nF</value>
      <footprint>Capacitor_THT:C_Disc_D3.0mm_W1.6mm_P2.50mm</footprint>
      <datasheet>~</datasheet>
      <libsource lib="pspice" part="CAP" description="Capacitor symbol for simulation only"/>
      <sheetpath names="/" tstamps="/"/>
      <tstamp>62275D0F</tstamp>
    </comp>
    <comp ref="Q4">
      <value>BS170</value>
      <footprint>Package_TO_SOT_THT:TO-92L_HandSolder</footprint>
      <datasheet>https://www.onsemi.com/pub/Collateral/BS170-D.PDF</datasheet>
      <fields>
        <field name="Category">Discrete Semiconductor Products</field>
        <field name="DK_Datasheet_Link">https://www.onsemi.com/pub/Collateral/BS170-D.PDF</field>
        <field name="DK_Detail_Page">/product-detail/en/on-semiconductor/BS170/BS170-ND/244280</field>
        <field name="Description">MOSFET N-CH 60V 500MA TO-92</field>
        <field name="Digi-Key_PN">BS170-ND</field>
        <field name="Family">Transistors - FETs, MOSFETs - Single</field>
        <field name="MPN">BS170</field>
        <field name="Manufacturer">ON Semiconductor</field>
        <field name="Status">Active</field>
      </fields>
      <libsource lib="dk_Transistors-FETs-MOSFETs-Single" part="BS170" description="MOSFET N-CH 60V 500MA TO-92"/>
      <sheetpath names="/" tstamps="/"/>
      <tstamp>61FDDF16</tstamp>
    </comp>
    <comp ref="C20">
      <value>10nF</value>
      <footprint>Capacitor_THT:C_Disc_D3.0mm_W2.0mm_P2.50mm</footprint>
      <datasheet>~</datasheet>
      <libsource lib="pspice" part="CAP" description="Capacitor symbol for simulation only"/>
      <sheetpath names="/" tstamps="/"/>
      <tstamp>61FDDF1D</tstamp>
    </comp>
    <comp ref="R12">
      <value>1k</value>
      <footprint>Resistor_THT:R_Axial_DIN0204_L3.6mm_D1.6mm_P1.90mm_Vertical</footprint>
      <datasheet>~</datasheet>
      <libsource lib="Device" part="R" description="Resistor"/>
      <sheetpath names="/" tstamps="/"/>
      <tstamp>61FDDF2C</tstamp>
    </comp>
    <comp ref="C19">
      <value>10nF</value>
      <footprint>Capacitor_THT:C_Disc_D3.0mm_W2.0mm_P2.50mm</footprint>
      <datasheet>~</datasheet>
      <libsource lib="pspice" part="CAP" description="Capacitor symbol for simulation only"/>
      <sheetpath names="/" tstamps="/"/>
      <tstamp>61FDDF3F</tstamp>
    </comp>
    <comp ref="TP5">
      <value> </value>
      <footprint>TestPoint:TestPoint_THTPad_1.0x1.0mm_Drill0.5mm</footprint>
      <datasheet>~</datasheet>
      <libsource lib="Connector" part="TestPoint" description="test point"/>
      <sheetpath names="/" tstamps="/"/>
      <tstamp>61FDDF4B</tstamp>
    </comp>
    <comp ref="J1A1">
      <value>BNC</value>
      <footprint>Connector_Coaxial:BNC_Amphenol_B6252HB-NPP3G-50_Horizontal</footprint>
      <datasheet> ~</datasheet>
      <libsource lib="Connector" part="Conn_Coaxial" description="coaxial connector (BNC, SMA, SMB, SMC, Cinch/RCA, ...)"/>
      <sheetpath names="/" tstamps="/"/>
      <tstamp>61FA75F2</tstamp>
    </comp>
    <comp ref="D6">
      <value>FT8</value>
      <footprint>LED_THT:LED_D3.0mm</footprint>
      <datasheet>~</datasheet>
      <libsource lib="Device" part="LED" description="Light emitting diode"/>
      <sheetpath names="/" tstamps="/"/>
      <tstamp>62032BBF</tstamp>
    </comp>
    <comp ref="R13">
      <value>1k</value>
      <footprint>Resistor_THT:R_Axial_DIN0204_L3.6mm_D1.6mm_P1.90mm_Vertical</footprint>
      <datasheet>~</datasheet>
      <libsource lib="Device" part="R" description="Resistor"/>
      <sheetpath names="/" tstamps="/"/>
      <tstamp>62032BC5</tstamp>
    </comp>
    <comp ref="D7">
      <value>FT4</value>
      <footprint>LED_THT:LED_D3.0mm</footprint>
      <datasheet>~</datasheet>
      <libsource lib="Device" part="LED" description="Light emitting diode"/>
      <sheetpath names="/" tstamps="/"/>
      <tstamp>62042090</tstamp>
    </comp>
    <comp ref="R14">
      <value>1k</value>
      <footprint>Resistor_THT:R_Axial_DIN0204_L3.6mm_D1.6mm_P1.90mm_Vertical</footprint>
      <datasheet>~</datasheet>
      <libsource lib="Device" part="R" description="Resistor"/>
      <sheetpath names="/" tstamps="/"/>
      <tstamp>62042096</tstamp>
    </comp>
    <comp ref="D8">
      <value>JS8</value>
      <footprint>LED_THT:LED_D3.0mm</footprint>
      <datasheet>~</datasheet>
      <libsource lib="Device" part="LED" description="Light emitting diode"/>
      <sheetpath names="/" tstamps="/"/>
      <tstamp>62051A23</tstamp>
    </comp>
    <comp ref="R15">
      <value>1k</value>
      <footprint>Resistor_THT:R_Axial_DIN0204_L3.6mm_D1.6mm_P1.90mm_Vertical</footprint>
      <datasheet>~</datasheet>
      <libsource lib="Device" part="R" description="Resistor"/>
      <sheetpath names="/" tstamps="/"/>
      <tstamp>62051A29</tstamp>
    </comp>
    <comp ref="D9">
      <value>WSPR</value>
      <footprint>LED_THT:LED_D3.0mm</footprint>
      <datasheet>~</datasheet>
      <libsource lib="Device" part="LED" description="Light emitting diode"/>
      <sheetpath names="/" tstamps="/"/>
      <tstamp>6209CF77</tstamp>
    </comp>
    <comp ref="R16">
      <value>1k</value>
      <footprint>Resistor_THT:R_Axial_DIN0204_L3.6mm_D1.6mm_P1.90mm_Vertical</footprint>
      <datasheet>~</datasheet>
      <libsource lib="Device" part="R" description="Resistor"/>
      <sheetpath names="/" tstamps="/"/>
      <tstamp>6209CF7D</tstamp>
    </comp>
    <comp ref="D10">
      <value>1N5817</value>
      <footprint>Diode_THT:D_A-405_P2.54mm_Vertical_KathodeUp</footprint>
      <datasheet>~</datasheet>
      <libsource lib="Device" part="D" description="Diode"/>
      <sheetpath names="/" tstamps="/"/>
      <tstamp>61FBEF8D</tstamp>
    </comp>
    <comp ref="TP6">
      <value> </value>
      <footprint>TestPoint:TestPoint_THTPad_1.0x1.0mm_Drill0.5mm</footprint>
      <datasheet>~</datasheet>
      <libsource lib="Connector" part="TestPoint" description="test point"/>
      <sheetpath names="/" tstamps="/"/>
      <tstamp>61FEC5F8</tstamp>
    </comp>
    <comp ref="L4">
      <value>100uH</value>
      <footprint>Resistor_THT:R_Axial_DIN0204_L3.6mm_D1.6mm_P2.54mm_Vertical</footprint>
      <datasheet>~</datasheet>
      <libsource lib="Device" part="L_Core_Ferrite" description="Inductor with ferrite core"/>
      <sheetpath names="/" tstamps="/"/>
      <tstamp>61FE4EEF</tstamp>
    </comp>
    <comp ref="C22">
      <value>10uF/16V</value>
      <footprint>Capacitor_THT:CP_Radial_D5.0mm_P2.50mm</footprint>
      <datasheet>~</datasheet>
      <libsource lib="Device" part="CP" description="Polarized capacitor"/>
      <sheetpath names="/" tstamps="/"/>
      <tstamp>62003D6C</tstamp>
    </comp>
    <comp ref="C21">
      <value>100nF</value>
      <footprint>Capacitor_THT:C_Disc_D3.0mm_W1.6mm_P2.50mm</footprint>
      <datasheet>~</datasheet>
      <libsource lib="pspice" part="CAP" description="Capacitor symbol for simulation only"/>
      <sheetpath names="/" tstamps="/"/>
      <tstamp>62003D72</tstamp>
    </comp>
    <comp ref="SW3">
      <value>PA DC</value>
      <footprint>EG1206 SWITCH:EG1206</footprint>
      <datasheet>http://spec_sheets.e-switch.com/specs/P040040.pdf</datasheet>
      <fields>
        <field name="Category">Switches</field>
        <field name="DK_Datasheet_Link">http://spec_sheets.e-switch.com/specs/P040040.pdf</field>
        <field name="DK_Detail_Page">/product-detail/en/e-switch/EG1218/EG1903-ND/101726</field>
        <field name="Description">SWITCH SLIDE SPDT 200MA 30V</field>
        <field name="Digi-Key_PN">EG1903-ND</field>
        <field name="Family">Slide Switches</field>
        <field name="MPN">EG1218</field>
        <field name="Manufacturer">E-Switch</field>
        <field name="Status">Active</field>
      </fields>
      <libsource lib="dk_Slide-Switches" part="EG1218" description="SWITCH SLIDE SPDT 200MA 30V"/>
      <sheetpath names="/" tstamps="/"/>
      <tstamp>6206910C</tstamp>
    </comp>
    <comp ref="C23">
      <value>100uF/16V</value>
      <footprint>Capacitor_THT:CP_Radial_D5.0mm_P2.50mm</footprint>
      <datasheet>~</datasheet>
      <libsource lib="Device" part="CP" description="Polarized capacitor"/>
      <sheetpath names="/" tstamps="/"/>
      <tstamp>620E80BE</tstamp>
    </comp>
    <comp ref="C24">
      <value>100nF</value>
      <footprint>Capacitor_THT:C_Disc_D3.0mm_W1.6mm_P2.50mm</footprint>
      <datasheet>~</datasheet>
      <libsource lib="pspice" part="CAP" description="Capacitor symbol for simulation only"/>
      <sheetpath names="/" tstamps="/"/>
      <tstamp>620E80C4</tstamp>
    </comp>
    <comp ref="L5">
      <value>100uH</value>
      <footprint>Resistor_THT:R_Axial_DIN0204_L3.6mm_D1.6mm_P2.54mm_Vertical</footprint>
      <datasheet>~</datasheet>
      <libsource lib="Device" part="L_Core_Ferrite" description="Inductor with ferrite core"/>
      <sheetpath names="/" tstamps="/"/>
      <tstamp>620E80CA</tstamp>
    </comp>
    <comp ref="C26">
      <value>10uF/16V</value>
      <footprint>Capacitor_THT:CP_Radial_D5.0mm_P2.50mm</footprint>
      <datasheet>~</datasheet>
      <libsource lib="Device" part="CP" description="Polarized capacitor"/>
      <sheetpath names="/" tstamps="/"/>
      <tstamp>620E80D0</tstamp>
    </comp>
    <comp ref="C25">
      <value>100nF</value>
      <footprint>Capacitor_THT:C_Disc_D3.0mm_W1.6mm_P2.50mm</footprint>
      <datasheet>~</datasheet>
      <libsource lib="pspice" part="CAP" description="Capacitor symbol for simulation only"/>
      <sheetpath names="/" tstamps="/"/>
      <tstamp>620E80D6</tstamp>
    </comp>
    <comp ref="H1">
      <value>MountingHole_Pad</value>
      <footprint>MountingHole:MountingHole_3.2mm_M3_ISO7380_Pad</footprint>
      <datasheet>~</datasheet>
      <libsource lib="Mechanical" part="MountingHole_Pad" description="Mounting Hole with connection"/>
      <sheetpath names="/" tstamps="/"/>
      <tstamp>61FE6C62</tstamp>
    </comp>
    <comp ref="H2">
      <value>MountingHole_Pad</value>
      <footprint>MountingHole:MountingHole_3.2mm_M3_ISO7380_Pad</footprint>
      <datasheet>~</datasheet>
      <libsource lib="Mechanical" part="MountingHole_Pad" description="Mounting Hole with connection"/>
      <sheetpath names="/" tstamps="/"/>
      <tstamp>61FE7D6C</tstamp>
    </comp>
    <comp ref="H3">
      <value>MountingHole_Pad</value>
      <footprint>MountingHole:MountingHole_3.2mm_M3_ISO7380_Pad</footprint>
      <datasheet>~</datasheet>
      <libsource lib="Mechanical" part="MountingHole_Pad" description="Mounting Hole with connection"/>
      <sheetpath names="/" tstamps="/"/>
      <tstamp>61FE8166</tstamp>
    </comp>
    <comp ref="H4">
      <value>MountingHole_Pad</value>
      <footprint>MountingHole:MountingHole_3.2mm_M3_ISO7380_Pad</footprint>
      <datasheet>~</datasheet>
      <libsource lib="Mechanical" part="MountingHole_Pad" description="Mounting Hole with connection"/>
      <sheetpath names="/" tstamps="/"/>
      <tstamp>61FE9CBB</tstamp>
    </comp>
    <comp ref="Brd1">
      <value>SSD1306</value>
      <footprint>OLED_128x32:OLED_128X32</footprint>
      <libsource lib="SSD1306-128x64_OLED" part="SSD1306" description="SSD1306 OLED"/>
      <sheetpath names="/" tstamps="/"/>
      <tstamp>6200D46E</tstamp>
    </comp>
    <comp ref="C27">
      <value>100uF/16V</value>
      <footprint>Capacitor_THT:CP_Radial_D5.0mm_P2.50mm</footprint>
      <datasheet>~</datasheet>
      <libsource lib="Device" part="CP" description="Polarized capacitor"/>
      <sheetpath names="/" tstamps="/"/>
      <tstamp>62016645</tstamp>
    </comp>
    <comp ref="C28">
      <value>100nF</value>
      <footprint>Capacitor_THT:C_Disc_D3.0mm_W1.6mm_P2.50mm</footprint>
      <datasheet>~</datasheet>
      <libsource lib="pspice" part="CAP" description="Capacitor symbol for simulation only"/>
      <sheetpath names="/" tstamps="/"/>
      <tstamp>6201664B</tstamp>
    </comp>
    <comp ref="L6">
      <value>100uH</value>
      <footprint>Resistor_THT:R_Axial_DIN0204_L3.6mm_D1.6mm_P2.54mm_Vertical</footprint>
      <datasheet>~</datasheet>
      <libsource lib="Device" part="L_Core_Ferrite" description="Inductor with ferrite core"/>
      <sheetpath names="/" tstamps="/"/>
      <tstamp>62016651</tstamp>
    </comp>
    <comp ref="C30">
      <value>10uF/16V</value>
      <footprint>Capacitor_THT:CP_Radial_D5.0mm_P2.50mm</footprint>
      <datasheet>~</datasheet>
      <libsource lib="Device" part="CP" description="Polarized capacitor"/>
      <sheetpath names="/" tstamps="/"/>
      <tstamp>62016657</tstamp>
    </comp>
    <comp ref="C29">
      <value>100nF</value>
      <footprint>Capacitor_THT:C_Disc_D3.0mm_W1.6mm_P2.50mm</footprint>
      <datasheet>~</datasheet>
      <libsource lib="pspice" part="CAP" description="Capacitor symbol for simulation only"/>
      <sheetpath names="/" tstamps="/"/>
      <tstamp>6201665D</tstamp>
    </comp>
  </components>
  <libparts>
    <libpart lib="74xx" part="74LS244">
      <description>Octal Buffer and Line Driver With 3-State Output, active-low enables, non-inverting outputs</description>
      <docs>http://www.ti.com/lit/ds/symlink/sn74ls244.pdf</docs>
      <footprints>
        <fp>DIP?20*</fp>
      </footprints>
      <fields>
        <field name="Reference">U</field>
        <field name="Value">74LS244</field>
      </fields>
      <pins>
        <pin num="1" name="OEa" type="input"/>
        <pin num="2" name="I0a" type="input"/>
        <pin num="3" name="O3b" type="3state"/>
        <pin num="4" name="I1a" type="input"/>
        <pin num="5" name="O2b" type="3state"/>
        <pin num="6" name="I2a" type="input"/>
        <pin num="7" name="O1b" type="3state"/>
        <pin num="8" name="I3a" type="input"/>
        <pin num="9" name="O0b" type="3state"/>
        <pin num="10" name="GND" type="power_in"/>
        <pin num="11" name="I0b" type="input"/>
        <pin num="12" name="O3a" type="3state"/>
        <pin num="13" name="I1b" type="input"/>
        <pin num="14" name="O2a" type="3state"/>
        <pin num="15" name="I2b" type="input"/>
        <pin num="16" name="O1a" type="3state"/>
        <pin num="17" name="I3b" type="input"/>
        <pin num="18" name="O0a" type="3state"/>
        <pin num="19" name="OEb" type="input"/>
        <pin num="20" name="VCC" type="power_in"/>
      </pins>
    </libpart>
    <libpart lib="ADX-rescue" part="SI535X_Module-VFO-ESP-WSPR-PCB-TTL-PA_FINAL-rescue-DIGI_UNO_TX-rescue-DTX-rescue">
      <fields>
        <field name="Reference">U</field>
        <field name="Value">SI535X_Module-VFO-ESP-WSPR-PCB-TTL-PA_FINAL-rescue-DIGI_UNO_TX-rescue-DTX-rescue</field>
      </fields>
      <pins>
        <pin num="1" name="VIN" type="input"/>
        <pin num="2" name="GND" type="input"/>
        <pin num="3" name="SDA" type="input"/>
        <pin num="4" name="SCL" type="input"/>
        <pin num="5" name="S2" type="input"/>
        <pin num="6" name="S1" type="input"/>
        <pin num="7" name="SO" type="input"/>
      </pins>
    </libpart>
    <libpart lib="ADX-rescue" part="USB_B-Connector">
      <footprints>
        <fp>USB*</fp>
      </footprints>
      <fields>
        <field name="Reference">J</field>
        <field name="Value">USB_B-Connector</field>
      </fields>
      <pins>
        <pin num="1" name="VBUS" type="power_out"/>
        <pin num="2" name="D-" type="passive"/>
        <pin num="3" name="D+" type="passive"/>
        <pin num="4" name="GND" type="power_out"/>
        <pin num="5" name="Shield" type="passive"/>
      </pins>
    </libpart>
    <libpart lib="ADX-rescue" part="uSDX_LPF_BAND_MODULE-uSDX_LPF_BAND_Module-DIGI_UNO_TX-rescue-DTX-rescue">
      <fields>
        <field name="Reference">U</field>
        <field name="Value">uSDX_LPF_BAND_MODULE-uSDX_LPF_BAND_Module-DIGI_UNO_TX-rescue-DTX-rescue</field>
        <field name="Footprint">uSDX_LPF_BAND_MODULE:uSDX_LPF_Band_Module</field>
      </fields>
      <pins>
        <pin num="1" name="+12V" type="input"/>
        <pin num="2" name="TD" type="input"/>
        <pin num="3" name="RD" type="input"/>
        <pin num="4" name="GND" type="input"/>
        <pin num="5" name="ANT1" type="input"/>
        <pin num="6" name="ANT2" type="input"/>
        <pin num="7" name="GND" type="input"/>
        <pin num="8" name="GND" type="input"/>
      </pins>
    </libpart>
    <libpart lib="CD2003 Library" part="CD2003GB_GP">
      <fields>
        <field name="Reference">U</field>
        <field name="Value">CD2003GB_GP</field>
      </fields>
      <pins>
        <pin num="1" name="FM_RF_IN" type="input"/>
        <pin num="2" name="GND_IN" type="input"/>
        <pin num="3" name="FM_MIX" type="input"/>
        <pin num="4" name="AM_MIX" type="input"/>
        <pin num="5" name="AGC" type="input"/>
        <pin num="6" name="VCC" type="input"/>
        <pin num="7" name="AM_IF" type="input"/>
        <pin num="8" name="FM_IF" type="input"/>
        <pin num="9" name="GND_OUT" type="input"/>
        <pin num="10" name="FM_DET" type="input"/>
        <pin num="11" name="DET_OUT" type="input"/>
        <pin num="12" name="AM_OSC" type="input"/>
        <pin num="13" name="FM_OSC" type="input"/>
        <pin num="14" name="FM/AM_SW" type="input"/>
        <pin num="15" name="FM_TUNER" type="input"/>
        <pin num="16" name="AM_RF_IN" type="input"/>
      </pins>
    </libpart>
    <libpart lib="Connector" part="Conn_Coaxial">
      <description>coaxial connector (BNC, SMA, SMB, SMC, Cinch/RCA, ...)</description>
      <docs> ~</docs>
      <footprints>
        <fp>*BNC*</fp>
        <fp>*SMA*</fp>
        <fp>*SMB*</fp>
        <fp>*SMC*</fp>
        <fp>*Cinch*</fp>
      </footprints>
      <fields>
        <field name="Reference">J</field>
        <field name="Value">Conn_Coaxial</field>
      </fields>
      <pins>
        <pin num="1" name="In" type="passive"/>
        <pin num="2" name="Ext" type="passive"/>
      </pins>
    </libpart>
    <libpart lib="Connector" part="TestPoint">
      <description>test point</description>
      <docs>~</docs>
      <footprints>
        <fp>Pin*</fp>
        <fp>Test*</fp>
      </footprints>
      <fields>
        <field name="Reference">TP</field>
        <field name="Value">TestPoint</field>
      </fields>
      <pins>
        <pin num="1" name="1" type="passive"/>
      </pins>
    </libpart>
    <libpart lib="Device" part="CP">
      <description>Polarized capacitor</description>
      <docs>~</docs>
      <footprints>
        <fp>CP_*</fp>
      </footprints>
      <fields>
        <field name="Reference">C</field>
        <field name="Value">CP</field>
      </fields>
      <pins>
        <pin num="1" name="~" type="passive"/>
        <pin num="2" name="~" type="passive"/>
      </pins>
    </libpart>
    <libpart lib="Device" part="D">
      <description>Diode</description>
      <docs>~</docs>
      <footprints>
        <fp>TO-???*</fp>
        <fp>*_Diode_*</fp>
        <fp>*SingleDiode*</fp>
        <fp>D_*</fp>
      </footprints>
      <fields>
        <field name="Reference">D</field>
        <field name="Value">D</field>
      </fields>
      <pins>
        <pin num="1" name="K" type="passive"/>
        <pin num="2" name="A" type="passive"/>
      </pins>
    </libpart>
    <libpart lib="Device" part="LED">
      <description>Light emitting diode</description>
      <docs>~</docs>
      <footprints>
        <fp>LED*</fp>
        <fp>LED_SMD:*</fp>
        <fp>LED_THT:*</fp>
      </footprints>
      <fields>
        <field name="Reference">D</field>
        <field name="Value">LED</field>
      </fields>
      <pins>
        <pin num="1" name="K" type="passive"/>
        <pin num="2" name="A" type="passive"/>
      </pins>
    </libpart>
    <libpart lib="Device" part="L_Core_Ferrite">
      <description>Inductor with ferrite core</description>
      <docs>~</docs>
      <footprints>
        <fp>Choke_*</fp>
        <fp>*Coil*</fp>
        <fp>Inductor_*</fp>
        <fp>L_*</fp>
      </footprints>
      <fields>
        <field name="Reference">L</field>
        <field name="Value">L_Core_Ferrite</field>
      </fields>
      <pins>
        <pin num="1" name="1" type="passive"/>
        <pin num="2" name="2" type="passive"/>
      </pins>
    </libpart>
    <libpart lib="Device" part="R">
      <description>Resistor</description>
      <docs>~</docs>
      <footprints>
        <fp>R_*</fp>
      </footprints>
      <fields>
        <field name="Reference">R</field>
        <field name="Value">R</field>
      </fields>
      <pins>
        <pin num="1" name="~" type="passive"/>
        <pin num="2" name="~" type="passive"/>
      </pins>
    </libpart>
    <libpart lib="Device" part="R_POT">
      <description>Potentiometer</description>
      <docs>~</docs>
      <footprints>
        <fp>Potentiometer*</fp>
      </footprints>
      <fields>
        <field name="Reference">RV</field>
        <field name="Value">R_POT</field>
      </fields>
      <pins>
        <pin num="1" name="1" type="passive"/>
        <pin num="2" name="2" type="passive"/>
        <pin num="3" name="3" type="passive"/>
      </pins>
    </libpart>
    <libpart lib="Mechanical" part="MountingHole_Pad">
      <description>Mounting Hole with connection</description>
      <docs>~</docs>
      <footprints>
        <fp>MountingHole*Pad*</fp>
      </footprints>
      <fields>
        <field name="Reference">H</field>
        <field name="Value">MountingHole_Pad</field>
      </fields>
      <pins>
        <pin num="1" name="1" type="input"/>
      </pins>
    </libpart>
    <libpart lib="SSD1306-128x64_OLED" part="SSD1306">
      <description>SSD1306 OLED</description>
      <footprints>
        <fp>SSD1306-128x64_OLED:SSD1306</fp>
      </footprints>
      <fields>
        <field name="Reference">Brd</field>
        <field name="Value">SSD1306</field>
      </fields>
      <pins>
        <pin num="1" name="GND" type="input"/>
        <pin num="2" name="VCC" type="input"/>
        <pin num="3" name="SCL" type="input"/>
        <pin num="4" name="SDA" type="input"/>
      </pins>
    </libpart>
    <libpart lib="Switch" part="SW_Push">
      <description>Push button switch, generic, two pins</description>
      <docs>~</docs>
      <fields>
        <field name="Reference">SW</field>
        <field name="Value">SW_Push</field>
      </fields>
      <pins>
        <pin num="1" name="1" type="passive"/>
        <pin num="2" name="2" type="passive"/>
      </pins>
    </libpart>
    <libpart lib="VOX" part="CM108AH_Sound_Card">
      <fields>
        <field name="Reference">U</field>
        <field name="Value">CM108AH_Sound_Card</field>
      </fields>
      <pins>
        <pin num="1" name="+5V" type="input"/>
        <pin num="2" name="D-" type="input"/>
        <pin num="3" name="D+" type="input"/>
        <pin num="4" name="GND" type="input"/>
        <pin num="5" name="SPK_L" type="input"/>
        <pin num="6" name="SPK_R" type="input"/>
        <pin num="7" name="GND" type="input"/>
        <pin num="8" name="MIC1" type="input"/>
        <pin num="9" name="MIC2" type="input"/>
        <pin num="10" name="GND" type="input"/>
      </pins>
    </libpart>
    <libpart lib="arduino" part="Arduino_Nano_Socket">
      <description>Socket for Arduino Nano</description>
      <docs>https://store.arduino.cc/arduino-nano</docs>
      <footprints>
        <fp>Arduino_Nano_Socket</fp>
      </footprints>
      <fields>
        <field name="Reference">XA</field>
        <field name="Value">Arduino_Nano_Socket</field>
      </fields>
      <pins>
        <pin num="5V" name="5V" type="power_in"/>
        <pin num="3V3" name="3.3V" type="power_in"/>
        <pin num="A0" name="A0" type="BiDi"/>
        <pin num="A1" name="A1" type="BiDi"/>
        <pin num="A2" name="A2" type="BiDi"/>
        <pin num="A3" name="A3" type="BiDi"/>
        <pin num="A4" name="A4_SDA" type="BiDi"/>
        <pin num="A5" name="A5_SCL" type="BiDi"/>
        <pin num="A6" name="A6" type="input"/>
        <pin num="A7" name="A7" type="input"/>
        <pin num="AREF" name="AREF" type="input"/>
        <pin num="D0" name="D0_RX0" type="BiDi"/>
        <pin num="D1" name="D1_TX0" type="BiDi"/>
        <pin num="D2" name="D2_INT0" type="BiDi"/>
        <pin num="D3" name="D3_INT1" type="BiDi"/>
        <pin num="D4" name="D4" type="BiDi"/>
        <pin num="D5" name="D5" type="BiDi"/>
        <pin num="D6" name="D6" type="BiDi"/>
        <pin num="D7" name="D7" type="BiDi"/>
        <pin num="D8" name="D8" type="BiDi"/>
        <pin num="D9" name="D9" type="BiDi"/>
        <pin num="D10" name="D10_CS" type="BiDi"/>
        <pin num="D11" name="D11_MOSI" type="BiDi"/>
        <pin num="D12" name="D12_MISO" type="BiDi"/>
        <pin num="D13" name="D13_SCK" type="BiDi"/>
        <pin num="GND1" name="GND" type="power_in"/>
        <pin num="GND2" name="GND" type="power_in"/>
        <pin num="RST1" name="RESET" type="openCol"/>
        <pin num="RST2" name="RESET" type="openCol"/>
        <pin num="VIN" name="VIN" type="power_in"/>
      </pins>
    </libpart>
    <libpart lib="dk_Barrel-Power-Connectors" part="PJ-102A">
      <description>CONN PWR JACK 2X5.5MM SOLDER</description>
      <docs>https://www.cui.com/product/resource/digikeypdf/pj-102a.pdf</docs>
      <fields>
        <field name="Reference">J</field>
        <field name="Value">PJ-102A</field>
        <field name="Footprint">digikey-footprints:Barrel_Jack_5.5mmODx2.1mmID_PJ-102A</field>
        <field name="Datasheet">https://www.cui.com/product/resource/digikeypdf/pj-102a.pdf</field>
        <field name="Digi-Key_PN">CP-102A-ND</field>
        <field name="MPN">PJ-102A</field>
        <field name="Category">Connectors, Interconnects</field>
        <field name="Family">Barrel - Power Connectors</field>
        <field name="DK_Datasheet_Link">https://www.cui.com/product/resource/digikeypdf/pj-102a.pdf</field>
        <field name="DK_Detail_Page">/product-detail/en/cui-inc/PJ-102A/CP-102A-ND/275425</field>
        <field name="Description">CONN PWR JACK 2X5.5MM SOLDER</field>
        <field name="Manufacturer">CUI Inc.</field>
        <field name="Status">Active</field>
      </fields>
      <pins>
        <pin num="1" name="~" type="passive"/>
        <pin num="2" name="~" type="passive"/>
        <pin num="3" name="~" type="passive"/>
      </pins>
    </libpart>
    <libpart lib="dk_Slide-Switches" part="EG1218">
      <description>SWITCH SLIDE SPDT 200MA 30V</description>
      <docs>http://spec_sheets.e-switch.com/specs/P040040.pdf</docs>
      <fields>
        <field name="Reference">S</field>
        <field name="Value">EG1218</field>
        <field name="Footprint">digikey-footprints:Switch_Slide_11.6x4mm_EG1218</field>
        <field name="Datasheet">http://spec_sheets.e-switch.com/specs/P040040.pdf</field>
        <field name="Digi-Key_PN">EG1903-ND</field>
        <field name="MPN">EG1218</field>
        <field name="Category">Switches</field>
        <field name="Family">Slide Switches</field>
        <field name="DK_Datasheet_Link">http://spec_sheets.e-switch.com/specs/P040040.pdf</field>
        <field name="DK_Detail_Page">/product-detail/en/e-switch/EG1218/EG1903-ND/101726</field>
        <field name="Description">SWITCH SLIDE SPDT 200MA 30V</field>
        <field name="Manufacturer">E-Switch</field>
        <field name="Status">Active</field>
      </fields>
      <pins>
        <pin num="1" name="~" type="passive"/>
        <pin num="2" name="~" type="passive"/>
        <pin num="3" name="~" type="passive"/>
      </pins>
    </libpart>
    <libpart lib="dk_Transistors-FETs-MOSFETs-Single" part="BS170">
      <description>MOSFET N-CH 60V 500MA TO-92</description>
      <docs>https://www.onsemi.com/pub/Collateral/BS170-D.PDF</docs>
      <fields>
        <field name="Reference">Q</field>
        <field name="Value">BS170</field>
        <field name="Footprint">digikey-footprints:TO-92-3</field>
        <field name="Datasheet">https://www.onsemi.com/pub/Collateral/BS170-D.PDF</field>
        <field name="Digi-Key_PN">BS170-ND</field>
        <field name="MPN">BS170</field>
        <field name="Category">Discrete Semiconductor Products</field>
        <field name="Family">Transistors - FETs, MOSFETs - Single</field>
        <field name="DK_Datasheet_Link">https://www.onsemi.com/pub/Collateral/BS170-D.PDF</field>
        <field name="DK_Detail_Page">/product-detail/en/on-semiconductor/BS170/BS170-ND/244280</field>
        <field name="Description">MOSFET N-CH 60V 500MA TO-92</field>
        <field name="Manufacturer">ON Semiconductor</field>
        <field name="Status">Active</field>
      </fields>
      <pins>
        <pin num="1" name="D" type="BiDi"/>
        <pin num="2" name="G" type="BiDi"/>
        <pin num="3" name="S" type="BiDi"/>
      </pins>
    </libpart>
    <libpart lib="pspice" part="CAP">
      <aliases>
        <alias>C</alias>
      </aliases>
      <description>Capacitor symbol for simulation only</description>
      <docs>~</docs>
      <fields>
        <field name="Reference">C</field>
        <field name="Value">CAP</field>
      </fields>
      <pins>
        <pin num="1" name="~" type="passive"/>
        <pin num="2" name="~" type="passive"/>
      </pins>
    </libpart>
  </libparts>
  <libraries>
    <library logical="74xx">
      <uri>C:\Program Files\KiCad2\share\kicad\library/74xx.lib</uri>
    </library>
    <library logical="ADX-rescue">
      <uri>C:\Users\the liro group\Documents\Barb\Arduino projects\WB2CBA_DIGI_TRX\ADX_TRX TEST BOARD V1.00/ADX-rescue.lib</uri>
    </library>
    <library logical="CD2003 Library">
      <uri>C:\Users\the liro group\Documents\Barb\Arduino projects\WB2CBA_DIGI_TRX\ADX_TRX TEST BOARD V1.00/CD2003 Library.lib</uri>
    </library>
    <library logical="Connector">
      <uri>C:\Program Files\KiCad2\share\kicad\library/Connector.lib</uri>
    </library>
    <library logical="Device">
      <uri>C:\Program Files\KiCad2\share\kicad\library/Device.lib</uri>
    </library>
    <library logical="Mechanical">
      <uri>C:\Program Files\KiCad2\share\kicad\library/Mechanical.lib</uri>
    </library>
    <library logical="SSD1306-128x64_OLED">
      <uri>D:/KiCAD/OLED 128x64 library/SSD1306-128x64_OLED.lib</uri>
    </library>
    <library logical="Switch">
      <uri>C:\Program Files\KiCad2\share\kicad\library/Switch.lib</uri>
    </library>
    <library logical="VOX">
      <uri>C:\Users\the liro group\Documents\Barb\Arduino projects\WB2CBA_DIGI_TRX\ADX_TRX TEST BOARD V1.00/VOX.lib</uri>
    </library>
    <library logical="arduino">
      <uri>C:/Users/the liro group/Documents/Barb/KiCAD/arduino-kicad-library/arduino.lib</uri>
    </library>
    <library logical="dk_Barrel-Power-Connectors">
      <uri>C:/Users/the liro group/Documents/Barb/KiCAD/digikey-kicad-library-master/digikey-kicad-library-master/digikey-symbols/dk_Barrel-Power-Connectors.lib</uri>
    </library>
    <library logical="dk_Slide-Switches">
      <uri>C:/Users/the liro group/Documents/Barb/KiCAD/digikey-kicad-library-master/digikey-kicad-library-master/digikey-symbols/dk_Slide-Switches.lib</uri>
    </library>
    <library logical="dk_Transistors-FETs-MOSFETs-Single">
      <uri>C:/Users/the liro group/Documents/Barb/KiCAD/digikey-kicad-library-master/digikey-kicad-library-master/digikey-symbols/dk_Transistors-FETs-MOSFETs-Single.lib</uri>
    </library>
    <library logical="pspice">
      <uri>C:\Program Files\KiCad2\share\kicad\library/pspice.lib</uri>
    </library>
  </libraries>
  <nets>
    <net code="1" name="Net-(C13-Pad2)">
      <node ref="U5" pin="16"/>
      <node ref="L3" pin="1"/>
      <node ref="C13" pin="2"/>
      <node ref="C14" pin="1"/>
      <node ref="D4" pin="2"/>
      <node ref="D5" pin="1"/>
    </net>
    <net code="2" name="Net-(C15-Pad2)">
      <node ref="U5" pin="14"/>
      <node ref="C15" pin="2"/>
    </net>
    <net code="3" name="Net-(C17-Pad1)">
      <node ref="R11" pin="1"/>
      <node ref="C17" pin="1"/>
      <node ref="U5" pin="12"/>
    </net>
    <net code="4" name="RX_OSC">
      <node ref="U2" pin="6"/>
      <node ref="TP2" pin="1"/>
      <node ref="C17" pin="2"/>
    </net>
    <net code="5" name="GNDPWR">
      <node ref="C21" pin="2"/>
      <node ref="C22" pin="2"/>
      <node ref="Q3" pin="3"/>
      <node ref="D1" pin="1"/>
      <node ref="Q2" pin="3"/>
      <node ref="Q1" pin="3"/>
      <node ref="U4" pin="8"/>
      <node ref="U4" pin="7"/>
      <node ref="U4" pin="4"/>
      <node ref="C29" pin="2"/>
      <node ref="C30" pin="2"/>
      <node ref="H2" pin="1"/>
      <node ref="H1" pin="1"/>
      <node ref="D6" pin="1"/>
      <node ref="C25" pin="2"/>
      <node ref="C26" pin="2"/>
      <node ref="C24" pin="2"/>
      <node ref="D8" pin="1"/>
      <node ref="D7" pin="1"/>
      <node ref="U3" pin="10"/>
      <node ref="D9" pin="1"/>
      <node ref="C7" pin="2"/>
      <node ref="C6" pin="2"/>
      <node ref="J3" pin="5"/>
      <node ref="J3" pin="4"/>
      <node ref="C3" pin="2"/>
      <node ref="U1" pin="10"/>
      <node ref="U1" pin="7"/>
      <node ref="U1" pin="4"/>
      <node ref="U5" pin="1"/>
      <node ref="XA1" pin="GND2"/>
      <node ref="XA1" pin="GND1"/>
      <node ref="XA1" pin="D6"/>
      <node ref="SW2" pin="1"/>
      <node ref="SW1" pin="1"/>
      <node ref="R2" pin="2"/>
      <node ref="C23" pin="2"/>
      <node ref="U3" pin="1"/>
      <node ref="U2" pin="2"/>
      <node ref="J1" pin="2"/>
      <node ref="U3" pin="19"/>
      <node ref="R10" pin="2"/>
      <node ref="D2" pin="2"/>
      <node ref="C4" pin="2"/>
      <node ref="C2" pin="2"/>
      <node ref="C1" pin="2"/>
      <node ref="U5" pin="9"/>
      <node ref="U5" pin="5"/>
      <node ref="U5" pin="2"/>
      <node ref="C8" pin="2"/>
      <node ref="H3" pin="1"/>
      <node ref="C18" pin="1"/>
      <node ref="H4" pin="1"/>
      <node ref="C20" pin="2"/>
      <node ref="J1A1" pin="2"/>
      <node ref="C11" pin="2"/>
      <node ref="C10" pin="2"/>
      <node ref="RV1" pin="3"/>
      <node ref="C28" pin="2"/>
      <node ref="R12" pin="2"/>
      <node ref="C15" pin="1"/>
      <node ref="Brd1" pin="1"/>
      <node ref="C16" pin="1"/>
      <node ref="C27" pin="2"/>
      <node ref="TP7" pin="1"/>
    </net>
    <net code="6" name="Net-(C19-Pad1)">
      <node ref="C19" pin="1"/>
      <node ref="TP5" pin="1"/>
      <node ref="Q4" pin="1"/>
    </net>
    <net code="7" name="RX">
      <node ref="U4" pin="3"/>
      <node ref="C19" pin="2"/>
    </net>
    <net code="8" name="RXSW">
      <node ref="XA1" pin="D8"/>
      <node ref="Q4" pin="2"/>
      <node ref="C20" pin="1"/>
    </net>
    <net code="9" name="Net-(C13-Pad1)">
      <node ref="C13" pin="1"/>
      <node ref="Q4" pin="3"/>
      <node ref="R12" pin="1"/>
      <node ref="TP6" pin="1"/>
    </net>
    <net code="10" name="Net-(TP8-Pad1)">
      <node ref="TP8" pin="1"/>
      <node ref="U2" pin="5"/>
    </net>
    <net code="11" name="Net-(C10-Pad1)">
      <node ref="U1" pin="9"/>
      <node ref="U1" pin="8"/>
      <node ref="RV1" pin="1"/>
      <node ref="C10" pin="1"/>
    </net>
    <net code="12" name="Net-(C11-Pad1)">
      <node ref="RV1" pin="2"/>
      <node ref="C12" pin="1"/>
      <node ref="C11" pin="1"/>
    </net>
    <net code="13" name="FSK">
      <node ref="C7" pin="1"/>
      <node ref="R4" pin="2"/>
      <node ref="XA1" pin="D7"/>
    </net>
    <net code="14" name="Net-(D10-Pad2)">
      <node ref="J2" pin="1"/>
      <node ref="D10" pin="2"/>
    </net>
    <net code="15" name="Net-(J2-Pad2)">
      <node ref="J2" pin="2"/>
    </net>
    <net code="16" name="Net-(J2-Pad3)">
      <node ref="J2" pin="3"/>
    </net>
    <net code="17" name="RXA">
      <node ref="C12" pin="2"/>
      <node ref="U5" pin="4"/>
    </net>
    <net code="18" name="SCL">
      <node ref="Brd1" pin="3"/>
      <node ref="XA1" pin="A5"/>
      <node ref="U2" pin="4"/>
    </net>
    <net code="19" name="SDA">
      <node ref="XA1" pin="A4"/>
      <node ref="U2" pin="3"/>
      <node ref="Brd1" pin="4"/>
    </net>
    <net code="20" name="Net-(Brd1-Pad2)">
      <node ref="C30" pin="1"/>
      <node ref="Brd1" pin="2"/>
      <node ref="L6" pin="2"/>
      <node ref="C29" pin="1"/>
    </net>
    <net code="21" name="Net-(R14-Pad1)">
      <node ref="XA1" pin="D11"/>
      <node ref="R14" pin="1"/>
    </net>
    <net code="22" name="Net-(D9-Pad2)">
      <node ref="D9" pin="2"/>
      <node ref="R16" pin="2"/>
    </net>
    <net code="23" name="Net-(R13-Pad1)">
      <node ref="R13" pin="1"/>
      <node ref="XA1" pin="D12"/>
    </net>
    <net code="24" name="Net-(R15-Pad1)">
      <node ref="XA1" pin="D10"/>
      <node ref="R15" pin="1"/>
    </net>
    <net code="25" name="Net-(R16-Pad1)">
      <node ref="R16" pin="1"/>
      <node ref="XA1" pin="D9"/>
    </net>
    <net code="26" name="Net-(D6-Pad2)">
      <node ref="D6" pin="2"/>
      <node ref="R13" pin="2"/>
    </net>
    <net code="27" name="Net-(D7-Pad2)">
      <node ref="D7" pin="2"/>
      <node ref="R14" pin="2"/>
    </net>
    <net code="28" name="Net-(D8-Pad2)">
      <node ref="R15" pin="2"/>
      <node ref="D8" pin="2"/>
    </net>
    <net code="29" name="Net-(C14-Pad2)">
      <node ref="U5" pin="15"/>
      <node ref="C14" pin="2"/>
      <node ref="D4" pin="1"/>
      <node ref="D5" pin="2"/>
      <node ref="R11" pin="2"/>
      <node ref="C18" pin="2"/>
      <node ref="L3" pin="2"/>
      <node ref="U5" pin="6"/>
      <node ref="U5" pin="7"/>
      <node ref="L5" pin="2"/>
      <node ref="C26" pin="1"/>
      <node ref="C25" pin="1"/>
      <node ref="C16" pin="2"/>
    </net>
    <net code="30" name="Net-(C21-Pad1)">
      <node ref="L4" pin="2"/>
      <node ref="C22" pin="1"/>
      <node ref="C21" pin="1"/>
      <node ref="XA1" pin="5V"/>
    </net>
    <net code="31" name="Net-(SW3-Pad2)">
      <node ref="SW3" pin="2"/>
      <node ref="U4" pin="1"/>
    </net>
    <net code="32" name="Net-(D10-Pad1)">
      <node ref="D10" pin="1"/>
      <node ref="SW3" pin="3"/>
    </net>
    <net code="33" name="Net-(J1-Pad1)">
      <node ref="J1" pin="1"/>
      <node ref="TP4" pin="1"/>
      <node ref="U4" pin="5"/>
      <node ref="J1A1" pin="1"/>
      <node ref="U4" pin="6"/>
    </net>
    <net code="34" name="TD_IN">
      <node ref="Q1" pin="1"/>
      <node ref="Q2" pin="1"/>
      <node ref="U4" pin="2"/>
      <node ref="Q3" pin="1"/>
      <node ref="TP3" pin="1"/>
    </net>
    <net code="35" name="Net-(C9-Pad1)">
      <node ref="Q2" pin="2"/>
      <node ref="Q3" pin="2"/>
      <node ref="Q1" pin="2"/>
      <node ref="C9" pin="1"/>
      <node ref="R10" pin="1"/>
      <node ref="D2" pin="1"/>
    </net>
    <net code="36" name="Net-(TP1-Pad1)">
      <node ref="U3" pin="15"/>
      <node ref="U3" pin="11"/>
      <node ref="U2" pin="7"/>
      <node ref="U3" pin="13"/>
      <node ref="TP1" pin="1"/>
      <node ref="U3" pin="6"/>
      <node ref="U3" pin="4"/>
      <node ref="U3" pin="2"/>
      <node ref="U3" pin="17"/>
      <node ref="U3" pin="8"/>
    </net>
    <net code="37" name="Net-(C9-Pad2)">
      <node ref="U3" pin="18"/>
      <node ref="C9" pin="2"/>
      <node ref="U3" pin="16"/>
      <node ref="U3" pin="7"/>
      <node ref="U3" pin="3"/>
      <node ref="U3" pin="5"/>
      <node ref="U3" pin="9"/>
      <node ref="U3" pin="14"/>
      <node ref="U3" pin="12"/>
    </net>
    <net code="38" name="Net-(D1-Pad2)">
      <node ref="R9" pin="2"/>
      <node ref="D1" pin="2"/>
    </net>
    <net code="39" name="Net-(U5-Pad11)">
      <node ref="U5" pin="11"/>
    </net>
    <net code="40" name="Net-(U5-Pad13)">
      <node ref="U5" pin="13"/>
    </net>
    <net code="41" name="Net-(U5-Pad3)">
      <node ref="U5" pin="3"/>
    </net>
    <net code="42" name="Net-(U5-Pad10)">
      <node ref="U5" pin="10"/>
    </net>
    <net code="43" name="Net-(U5-Pad8)">
      <node ref="U5" pin="8"/>
    </net>
    <net code="44" name="Net-(C1-Pad1)">
      <node ref="J3" pin="1"/>
      <node ref="U1" pin="1"/>
      <node ref="L1" pin="1"/>
      <node ref="C2" pin="1"/>
      <node ref="C1" pin="1"/>
    </net>
    <net code="45" name="SW2">
      <node ref="XA1" pin="D3"/>
      <node ref="R6" pin="2"/>
      <node ref="SW2" pin="2"/>
    </net>
    <net code="46" name="SW1">
      <node ref="SW1" pin="2"/>
      <node ref="XA1" pin="D2"/>
      <node ref="R5" pin="2"/>
    </net>
    <net code="47" name="+5V">
      <node ref="C27" pin="1"/>
      <node ref="L6" pin="1"/>
      <node ref="C4" pin="1"/>
      <node ref="U2" pin="1"/>
      <node ref="C8" pin="1"/>
      <node ref="L1" pin="2"/>
      <node ref="C23" pin="1"/>
      <node ref="R5" pin="1"/>
      <node ref="R6" pin="1"/>
      <node ref="C3" pin="1"/>
      <node ref="C28" pin="1"/>
      <node ref="L5" pin="1"/>
      <node ref="SW3" pin="1"/>
      <node ref="C24" pin="1"/>
      <node ref="L4" pin="1"/>
      <node ref="U3" pin="20"/>
    </net>
    <net code="48" name="Net-(C5-Pad2)">
      <node ref="C5" pin="2"/>
      <node ref="U1" pin="6"/>
      <node ref="U1" pin="5"/>
    </net>
    <net code="49" name="Net-(J3-Pad3)">
      <node ref="J3" pin="3"/>
      <node ref="U1" pin="3"/>
    </net>
    <net code="50" name="Net-(J3-Pad2)">
      <node ref="J3" pin="2"/>
      <node ref="U1" pin="2"/>
    </net>
    <net code="51" name="Net-(C6-Pad1)">
      <node ref="C6" pin="1"/>
      <node ref="R4" pin="1"/>
      <node ref="R3" pin="2"/>
    </net>
    <net code="52" name="Net-(XA1-PadA0)">
      <node ref="XA1" pin="A0"/>
    </net>
    <net code="53" name="Net-(XA1-PadA1)">
      <node ref="XA1" pin="A1"/>
    </net>
    <net code="54" name="Net-(C5-Pad1)">
      <node ref="R1" pin="2"/>
      <node ref="C5" pin="1"/>
      <node ref="R2" pin="1"/>
      <node ref="R3" pin="1"/>
    </net>
    <net code="55" name="Net-(XA1-PadA2)">
      <node ref="XA1" pin="A2"/>
    </net>
    <net code="56" name="+3.3V">
      <node ref="XA1" pin="3V3"/>
      <node ref="R1" pin="1"/>
    </net>
    <net code="57" name="Net-(XA1-PadRST2)">
      <node ref="XA1" pin="RST2"/>
    </net>
    <net code="58" name="Net-(XA1-PadVIN)">
      <node ref="XA1" pin="VIN"/>
    </net>
    <net code="59" name="Net-(R9-Pad1)">
      <node ref="R9" pin="1"/>
      <node ref="XA1" pin="D13"/>
    </net>
    <net code="60" name="Net-(XA1-PadRST1)">
      <node ref="XA1" pin="RST1"/>
    </net>
    <net code="61" name="Net-(XA1-PadA3)">
      <node ref="XA1" pin="A3"/>
    </net>
    <net code="62" name="Net-(XA1-PadA6)">
      <node ref="XA1" pin="A6"/>
    </net>
    <net code="63" name="Net-(XA1-PadA7)">
      <node ref="XA1" pin="A7"/>
    </net>
    <net code="64" name="Net-(XA1-PadAREF)">
      <node ref="XA1" pin="AREF"/>
    </net>
    <net code="65" name="Net-(XA1-PadD0)">
      <node ref="XA1" pin="D0"/>
    </net>
    <net code="66" name="Net-(XA1-PadD1)">
      <node ref="XA1" pin="D1"/>
    </net>
    <net code="67" name="Net-(XA1-PadD4)">
      <node ref="XA1" pin="D4"/>
    </net>
    <net code="68" name="Net-(XA1-PadD5)">
      <node ref="XA1" pin="D5"/>
    </net>
  </nets>
</export>
