Comment,Designator,Footprint,LCSC
"SSD1306","Brd1","OLED_128x32:OLED_128X32",""
"100uF/16V","C1,C23,C27","Capacitor_THT:CP_Radial_D5.0mm_P2.50mm",""
"470nF","C12","Capacitor_THT:C_Disc_D3.0mm_W1.6mm_P2.50mm",""
"620pF","C13","Capacitor_THT:C_Disc_D3.0mm_W1.6mm_P2.50mm",""
"Cx","C14","Capacitor_THT:C_Disc_D3.0mm_W1.6mm_P2.50mm",""
"10nF","C19,C20","Capacitor_THT:C_Disc_D3.0mm_W2.0mm_P2.50mm",""
"10uF/16V","C4,C22,C26,C30","Capacitor_THT:CP_Radial_D5.0mm_P2.50mm",""
"10nF","C6,C7","Capacitor_THT:C_Disc_D3.0mm_W1.6mm_P2.50mm",""
"100nF","C2,C3,C5,C8,C9,C10,C11,C15,C16,C17,C18,C21,C24,C25,C28,C29","Capacitor_THT:C_Disc_D3.0mm_W1.6mm_P2.50mm",""
"TX","D1","LED_THT:LED_D3.0mm",""
"1N5817","D10","Diode_THT:D_A-405_P2.54mm_Vertical_KathodeUp",""
"1N4148","D2","Diode_THT:D_A-405_P2.54mm_Vertical_AnodeUp",""
"1N4148","D4,D5","Diode_THT:D_A-405_P2.54mm_Vertical_KathodeUp",""
"FT8","D6","LED_THT:LED_D3.0mm",""
"FT4","D7","LED_THT:LED_D3.0mm",""
"JS8","D8","LED_THT:LED_D3.0mm",""
"WSPR","D9","LED_THT:LED_D3.0mm",""
"MountingHole_Pad","H1,H2,H3,H4","MountingHole:MountingHole_3.2mm_M3_ISO7380_Pad",""
"SMA","J1","SMA_EDGE:SMA_Samtec_SMA-J-P-X-ST-EM1_EdgeMount",""
"BNC","J1A1","Connector_Coaxial:BNC_Amphenol_B6252HB-NPP3G-50_Horizontal",""
"PJ-102A","J2","digikey-footprints:Barrel_Jack_5.5mmODx2.1mmID_PJ-102A",""
"USB_B","J3","Connector_USB:USB_B_OST_USB-B1HSxx_Horizontal",""
"100uH","L1","Inductor_THT:L_Radial_D6.0mm_P4.00mm",""
"1uH","L3","Inductor_THT:L_Toroid_Vertical_L10.0mm_W5.0mm_P5.08mm",""
"100uH","L4,L5,L6","Resistor_THT:R_Axial_DIN0204_L3.6mm_D1.6mm_P2.54mm_Vertical",""
"BS170","Q1,Q2,Q3","Package_TO_SOT_THT:TO-92_HandSolder",""
"BS170","Q4","Package_TO_SOT_THT:TO-92L_HandSolder",""
"1M","R1","Resistor_THT:R_Axial_DIN0204_L3.6mm_D1.6mm_P1.90mm_Vertical",""
"2.7k","R10","Resistor_THT:R_Axial_DIN0204_L3.6mm_D1.6mm_P1.90mm_Vertical",""
"100","R11","Resistor_THT:R_Axial_DIN0204_L3.6mm_D1.6mm_P1.90mm_Vertical",""
"4.7k","R2","Resistor_THT:R_Axial_DIN0204_L3.6mm_D1.6mm_P1.90mm_Vertical",""
"10k","R3,R4,R5,R6","Resistor_THT:R_Axial_DIN0204_L3.6mm_D1.6mm_P1.90mm_Vertical",""
"1k","R9,R12,R13,R14,R15,R16","Resistor_THT:R_Axial_DIN0204_L3.6mm_D1.6mm_P1.90mm_Vertical",""
"10k","RV1","Potentiometer_THT:Potentiometer_Piher_PT-10-V10_Vertical",""
"UP","SW1","Button_Switch_THT:SW_PUSH_6mm",""
"BAND","SW2","Button_Switch_THT:SW_PUSH_6mm",""
"PA DC","SW3","EG1206 SWITCH:EG1206",""
"CLK0","TP1","TestPoint:TestPoint_THTPad_2.0x2.0mm_Drill1.0mm",""
"CLK1","TP2","TestPoint:TestPoint_THTPad_2.0x2.0mm_Drill1.0mm",""
"TestPoint","TP3,TP4","TestPoint:TestPoint_THTPad_2.0x2.0mm_Drill1.0mm",""
" ","TP5,TP6","TestPoint:TestPoint_THTPad_1.0x1.0mm_Drill0.5mm",""
"GND","TP7","TestPoint:TestPoint_THTPad_2.0x2.0mm_Drill1.0mm",""
"CAL","TP8","TestPoint:TestPoint_THTPad_2.0x2.0mm_Drill1.0mm",""
"CM108AH_Sound_Card","U1","VOX:USB_SCARD",""
"SI535X_Module","U2","VFO_Vertical_footprint:SI5351 Module_Vertical",""
"74ACT244","U3","Package_DIP:DIP-20_W7.62mm_LongPads",""
"uSDX_LPF_BAND_MODULE","U4","uSDX_LPF_BAND_MODULE:uSDX_LPF_Band_Module",""
"CD2003GB_GP","U5","Package_DIP:DIP-16_W7.62mm_Socket_LongPads",""
"Arduino_Nano_Socket","XA1","Arduino:Arduino_Nano_Socket",""